Quelle est la faute d’orthographe dans ce mot « toujour »,toujours
Quelle est la faute d’orthographe dans ce mot « carrotte »,carotte
Quelle est la faute d’orthographe dans ce mot « harmoire »,armoire
Quelle est la faute d’orthographe dans ce mot « tablo »,tableau
Quelle est la faute d’orthographe dans ce mot « nénufar »,nénuphar
Quelle est la faute d’orthographe dans ce mot « pome »,pomme
Quelle est la faute d’orthographe dans ce mot « courier  »,courrier
Quelle est la faute d’orthographe dans ce mot « iboux »,hiboux
Quelle est la faute d’orthographe dans ce mot « chése »,chaise
Quelle est la faute d’orthographe dans ce mot « otomobile »,automobile
